Sample_ID,Depth,MS25,MS50,MS75,Weighted_EMF,SOC,Amino sugars,BG,NAG,MUP,Available N,Available P,NPP,NDVI,Pathogen_control,Bacteria_richness,Fungi_richness,Mycorrhizal,Endophyte,Saprotroph,Carbon sequestration,Organic matter decomposition,Nutrient cycling,Plant productivity,Pathogen control,Soil biodiversity,Aridity,Warming,Maximum temperature,Extreme events,Seasonality,Human_influence,Salinity,Distance from neutral pH
W1,A_Topsoil,7,4,1,0.379876914,0.115401987,0.101726117,0.165183764,0.081004195,0.273643231,0.099914105,0.178851095,0.164911586,0.322354059,0.924764233,0.693522907,0.685758514,0.266666667,1,0.594936709,0.108564052,0.173277064,0.1393826,0.243632823,0.924764233,0.68964071,81.72369578,63.5443708,36.6141732,26.36279345,61.03873546,66.44559836,10.2923964,30.64516133
W4,A_Topsoil,7,3,2,0.436165146,0.190831075,0.07286753,0.93234743,1,0.317945639,0.285197661,0.040277783,0.200561814,0.419055223,0.65062289,0.641706161,0.582043344,0.155555556,0.5,0.443037975,0.131849303,0.750097689,0.162737722,0.309808518,0.65062289,0.611874752,85.5841263,83.1164394,31.1023622,38.074219,63.00716837,40.7181005,13.6793479,33.06451614
W7,A_Topsoil,5,2,0,0.467551611,0.192411924,0.060343612,0.359892216,0.389798931,0.288629434,0.042848481,0.15037039,0.417013862,0.792215799,0.877750611,0.936492891,0.57120743,0.059259259,0.25,0.569620253,0.126377768,0.34610686,0.096609435,0.604614831,0.877750611,0.753850161,67.96247553,34.089596,45.6692913,16.40522555,44.79024153,62.57424467,11.7321097,17.33870975
W10,A_Topsoil,6,3,1,0.421249103,0,0.044488308,0.153510094,0.369551575,0.365197494,0,0,0.352778303,0.809963212,0.974362557,0.848657188,0.458204334,0.037037037,0,0.525316456,0.022244154,0.296086388,0,0.581370758,0.974362557,0.653430761,75.02193422,38.4449361,52.7559055,26.95287533,64.44407794,46.91486888,9.2359162,21.37096781
W13,A_Topsoil,7,3,1,0.453623419,0.185411021,0.035187013,0.559062156,0.271121477,0.354714966,0.067055861,0.032222226,0.279384619,0.678353412,0.866759809,1,0.642414861,0.081481481,1,0.613924051,0.110299017,0.3949662,0.049639043,0.478869016,0.866759809,0.82120743,76.56745628,37.6897232,50,35.15017798,72.76736976,45.76908209,10.8620672,27.41935484
W16,A_Topsoil,5,3,1,0.50163085,0.292231256,0.347447078,0.359211247,0.514971382,0.331922268,0.44436542,0.247037069,0.559757539,0.86153784,0.993922459,0.371563981,0.10371517,0.007407407,0,0.082278481,0.319839167,0.402034966,0.345701244,0.71064769,0.993922459,0.237639576,28.63602624,33.9179252,70.0787402,9.095170925,19.04642304,51.21975327,9.0080479,79.03225803
W22,A_Topsoil,3,2,0,0.422759726,0.13730804,0.122902777,0.094633868,0.131419397,0.124015619,0.350663118,0.005370371,0.661370592,0.97035697,1,0.436966825,0.154798762,0.044444444,0.25,0.139240506,0.130105409,0.116689628,0.178016744,0.815863781,1,0.295882793,6.364311248,21.473244,60.2362205,32.60840204,9.642449687,20.61754261,3.4252747,72.17741932
W25,A_Topsoil,5,2,0,0.369366211,0.20596206,0.017063788,0.13979923,0.10190083,0,0.181427433,0.131574091,0,0.598146427,0.870648504,0.836966825,0.558823529,0.014814815,0,0.518987342,0.111512924,0.080566686,0.156500762,0.299073213,0.870648504,0.697895177,31.36937298,37.8327976,66.9291339,6.708356846,11.16503768,59.9444335,13.8865009,47.1774194
W28,A_Topsoil,4,2,0,0.495226005,0.496386631,0.370903744,0.293030122,0.702336682,0.350263287,0.552888338,0.107407421,0.354629231,0.528834493,0.983164513,0.668246445,0,0,0,0,0.433645187,0.448543364,0.33014788,0.441731862,0.983164513,0.334123223,9.043666097,44.6768329,68.503937,14.04875092,7.224273379,41.8426617,21.3854392,57.25806449
W31,A_Topsoil,5,2,0,0.415305081,0.210704607,0.184201092,0.10479261,0.15200016,0.052192199,0.257380273,0.279259295,0.522402165,0.568230514,0.871719641,0.137440758,0.874613003,0.059259259,0,0.886075949,0.197452849,0.10299499,0.268319784,0.54531634,0.871719641,0.506026881,27.84639266,40.6413917,67.7165354,19.32950376,1.611446436,42.89101366,3.9845878,62.09677423
W34,A_Topsoil,4,2,1,0.470207313,0.386178862,0.560128099,0.067995099,0.185263649,0.146689098,0.312638619,0.383981531,0.7528523,0.806062015,0.713680289,0.395260664,0.351393189,0,0,0.46835443,0.473153481,0.133315949,0.348310075,0.779457157,0.713680289,0.373326926,22.90612138,40.8821537,68.8976378,19.00297227,4.711021966,33.45341431,11.4731685,100
W37,A_Topsoil,1,1,0,0.623522853,0.701219512,0.954456283,0.193872331,0.568836901,0.313385561,0.297885022,0.02416667,0.726026406,1,0.819047619,0.636650869,0.786377709,0.192592593,0.25,0.348101266,0.827837898,0.358698264,0.161025846,0.863013203,0.819047619,0.711514289,0,3.7480615,53.1496063,0,7.352755859,24.91603241,9.4741421,20.56451613
W40,A_Topsoil,4,2,1,0.514042979,0.462511292,0.332220186,0.117825045,0.827466806,0.122000132,0.156211864,0.397407458,0.607097471,0.766150551,0.850809175,0.493522907,0.540247678,0.051851852,0,0.664556962,0.397365739,0.355763994,0.276809661,0.686624011,0.850809175,0.516885292,25.16028879,0,67.3228346,13.24248897,10.27215107,25.86806818,13.824355,95.5645161
W43,A_Topsoil,3,2,0,0.375736183,0.578590786,0.302551914,0.021975239,0.050430269,0.095492675,0.442175589,0.061759267,1,0.884085948,0,0.609162717,0.518575851,0.037037037,0,0.386075949,0.44057135,0.055966061,0.251967428,0.942042974,0,0.563869284,28.5887831,20.2881706,59.4488189,13.47744051,17.382535,21.55660192,3.4356324,73.38709684
W45,A_Topsoil,3,0,0,0.515276797,0.551038844,0.237265605,0.038070226,0.084776786,0.067165372,0.419509093,0.021481484,0.783804326,0.950325437,0.971661427,0.725750395,0.424148607,0.037037037,0,0.132911392,0.394152224,0.063337461,0.220495289,0.867064882,0.971661427,0.574949501,25.1535399,20.481076,49.2125984,25.04061012,14.93967526,23.91600182,15.1501341,2.016129084
W47,A_Topsoil,4,1,0,0.52812911,0.514905149,0.388374388,0.033232079,0.057760336,0.146146448,0.728699923,0.021481484,0.728389079,0.904976552,0.985935499,0.677725118,0.243034056,0,0.25,0.17721519,0.451639769,0.079046287,0.375090704,0.816682816,0.985935499,0.460379587,30.08706216,18.3563314,44.488189,17.4825429,19.74772812,33.0065425,6.2943437,51.20967746
W56,A_Topsoil,6,4,2,0.298752177,0.180668473,0.149670688,0.246651338,0.005749385,0.070580795,0.2112063,0.238981512,0,0,0.630806846,0.431279621,0.89628483,0.007407407,0,0.772151899,0.165169581,0.107660506,0.225093906,0,0.630806846,0.663782225,99.14287649,69.332014,70.8661417,49.84708463,77.19742728,0,0,27.41935484
W59,A_Topsoil,7,4,1,0.38417402,0.219963866,0.459707144,0.114033015,0.360824478,0.025539862,0.108792496,0.045648154,0.277680478,0.759965234,0.882966585,0.38957346,0.249226006,0.014814815,0,0.240506329,0.339835505,0.166799118,0.077220325,0.518822856,0.882966585,0.319399733,96.16656543,62.5318546,47.2440945,56.74517791,66.50037975,18.47082305,45.1044569,49.19354838
W62,A_Topsoil,3,1,0,0.475362347,0.20234869,0.104151141,0.222821567,0.411166998,0.197765556,0.000771391,0.02416667,0.728590158,0.888472268,0.997042729,0.899210111,0.308049536,0.02962963,0.25,0.246835443,0.153249916,0.277251374,0.01246903,0.808531213,0.997042729,0.603629823,18.78247963,20.6292101,71.2598425,20.09283353,7.326514706,33.04129547,8.738749,45.16129032
W65,A_Topsoil,3,3,1,0.406961517,0.199864499,0.103643578,0.099372964,0.250957384,0.325829659,0.050444161,0.002685186,0.460387519,0.662698093,0.937245314,0.36492891,0.713622291,0.007407407,0.25,0.537974684,0.151754038,0.225386669,0.026564673,0.561542806,0.937245314,0.5392756,19.50462302,18.8391863,70.0787402,22.09384644,7.849830806,67.41573887,2.2548603,89.51612907
W74,A_Topsoil,7,4,2,0.358957957,0.230126468,0.158947814,0.136250957,0.186628016,0.192492508,0.119574542,0.198879117,0.201475716,0.483707956,0.799650716,0.142180095,0.829721362,0.125925926,0,0.841772152,0.194537141,0.171790493,0.15922683,0.342591836,0.799650716,0.485950729,91.91469258,96.45679,54.3307087,26.85236266,72.44784431,46.92826668,19.8317918,29.03225809
W77,A_Topsoil,6,5,4,0.365767775,0.351400181,0.145670608,0.02785016,0.088500468,0.01352833,0.148255086,1,0.146133862,0.356383409,0.748771685,0.075197472,0.582043344,0.007407407,0,0.588607595,0.248535394,0.043292986,0.574127543,0.251258635,0.748771685,0.328620408,90.10595941,100,61.8110236,23.56954086,76.7673759,45.99657522,100,16.93548391
W80,A_Topsoil,7,4,3,0.401578603,0.278455285,0.092017966,0.051505048,0.047781951,0.109408577,0.244974083,0.964950961,0.230815092,0.743572122,0.752753522,0.32385466,0.295665635,0,0,0.297468354,0.185236625,0.069565192,0.604962522,0.487193607,0.752753522,0.309760148,92.35337793,94.2487719,48.0314961,42.55870849,77.67806502,42.05821495,57.222907,20.96774197
W83,A_Topsoil,8,4,2,0.258525125,0.155600723,0,0.048763345,0.321391436,0.075938597,0.119068324,0.233928156,0.155548361,0.753476715,0.494655955,0.099210111,0.29876161,0.014814815,0,0.272151899,0.077800361,0.148697792,0.17649824,0.454512538,0.494655955,0.19898586,91.85395153,87.4685661,48.8188976,37.1862882,74.96679784,43.64149915,74.4166054,41.12903226
W86,A_Topsoil,5,3,1,0.388280031,0.216802168,0.083490101,0.126184958,0.249920016,0.153768177,0.155379852,0.041158444,0.309569531,0.501677717,0.945977413,0.455924171,0.650154799,0.088888889,0.5,0.556962025,0.150146134,0.176624384,0.098269148,0.405623624,0.945977413,0.553039485,80.36039686,68.1590641,38.5826772,13.24433876,67.00632072,36.10811073,12.8818089,20.96774197
W89,A_Topsoil,7,2,0,0.423470112,0.403342367,0.06956837,0.079430057,0.166973458,0.173451862,0.111506548,0.038654941,0.400438955,0.683063147,0.924740948,0.700789889,0.544891641,0.022222222,0.25,0.455696203,0.236455368,0.139951793,0.075080745,0.541751051,0.924740948,0.622840765,72.16035636,40.3007678,43.7007874,39.27489045,49.59764697,57.3620777,12.78859,37.0967742
W92,A_Topsoil,4,2,0,0.469228094,0.198735321,0.187689581,0.50038194,0.395894881,0.505088998,0.468148781,0.31904725,0,0.892029835,0.749307253,0.386097946,0.746130031,0.037037037,0,0.658227848,0.193212451,0.46712194,0.393598015,0.446014918,0.749307253,0.566113989,43.76054529,29.1766166,62.2047244,4.777619983,22.3082084,61.26050461,8.4901654,12.90322585
W95,A_Topsoil,4,3,1,0.391798256,0.591463415,0.081286632,0.014228214,0.074723881,0.004648436,0.409495472,0.058682963,0.101056065,0.354665265,0.970567004,0.638546603,0.462848297,0.02962963,0,0.5,0.336375023,0.031200177,0.234089217,0.227860665,0.970567004,0.55069745,82.62131341,65.1594824,0,49.62527558,54.77689909,7.802540525,2.4930863,23.38709678
W98,A_Topsoil,5,3,0,0.497273163,0.164408311,0.076629942,0.425958281,0.249163312,0.243939571,0.176565548,0.226417648,0.482834927,0.873089829,0.880521597,0.804107425,0.789473684,0.155555556,0,0.753164557,0.120519126,0.306353721,0.201491598,0.677962378,0.880521597,0.796790555,53.83680901,37.9262647,62.2047244,16.41306042,27.86941718,66.69697978,3.7049313,0
W101,A_Topsoil,7,5,2,0.313336073,0.05736224,0.015823078,0.061311457,0.101053035,0.002411118,0.113237495,0.058682963,0.212608432,0.373908474,0.799697287,0.613902054,0.605263158,0.111111111,0,0.506329114,0.036592659,0.054925203,0.085960229,0.293258453,0.799697287,0.609582606,82.43234126,54.3586284,57.480315,36.53349701,85.84455979,64.00437055,12.0324816,45.967742
W104,A_Topsoil,6,3,2,0.473638783,0.11630533,0.028133497,0,0.006805334,0.2541458,0.478406424,0.176347593,0.466356536,0.921915427,0.961904762,0.675513428,0.722910217,0.096296296,0.25,0.683544304,0.072219413,0.086983711,0.327377008,0.694135982,0.961904762,0.699211822,61.63865827,34.370495,44.488189,84.88867953,76.66928601,25.12985343,3.8292231,10.48387104
W107,A_Topsoil,6,5,0,0.410110905,0.123306233,0.120473726,0.267147966,0.366139571,0.171755263,0.348079845,0.02864093,0.204213401,0.452417529,0.907346606,0.658135861,0.634674923,0.088888889,0,0.493670886,0.121889979,0.2683476,0.188360387,0.328315465,0.907346606,0.646405392,64.61496932,66.681252,57.8740157,25.93039359,71.3530623,67.85274258,5.6521694,8.870967794
W113,A_Topsoil,5,4,2,0.355592647,0.166892502,0.105472416,0.138592434,0.242439017,0.168292567,0.280945231,0.036151438,0.033305652,0.706510754,0.789894051,0.59399684,0.397832817,0.014814815,0,0.259493671,0.136182459,0.183108006,0.158548335,0.369908203,0.789894051,0.495914829,100,73.0494747,100,21.5069582,63.38077642,2.818067866,13.8036397,48.79032265
W119,A_Topsoil,6,5,1,0.446219493,0.127145438,0.013345687,0.226298454,0.355406388,0.174081593,0.258745481,0.093732002,0.355813584,0.94849612,0.964745605,0.577567141,0.546439628,0.088888889,0.25,0.550632911,0.070245562,0.251928812,0.176238742,0.652154852,0.964745605,0.562003385,67.41580613,63.901716,50.7874016,52.24758778,79.64371913,41.94687295,2.472371,4.838709735
W122,A_Topsoil,6,1,0,0.371318471,0.084462511,0.013921731,0.092192612,0.148401111,0.052305009,0.602886455,0.038654941,0.709272538,0.647022559,0.763092327,0.003475513,0.634674923,0,0,0.67721519,0.049192121,0.097632911,0.320770698,0.678147548,0.763092327,0.319075218,44.08449757,32.1933875,62.5984252,30.48945807,0,41.33412691,3.9535149,38.70967745
W125,A_Topsoil,3,2,0,0.397176338,0.098238482,0.135934258,0.066788649,0.144552304,0.173635997,0.181006911,0.048668952,0.544475567,0.843345732,0.828897427,0,1,0.125925926,0,1,0.11708637,0.12832565,0.114837931,0.693910649,0.828897427,0.5,11.26408854,16.0408637,57.8740157,1.356245709,29.79909436,74.58382871,8.7594643,10.48387104
W128,A_Topsoil,5,2,0,0.485844574,0.156955736,0.113613567,0.009071195,0,0.077570798,1,0.299019228,0.661457056,0.872665347,0.994993596,0.448025276,0.230650155,0.007407407,0,0.417721519,0.135284652,0.028880664,0.649509614,0.767061201,0.994993596,0.339337716,29.22318962,41.7484652,67.7165354,24.72448292,1.321385589,37.02482695,10.5306224,66.12903229
W131,A_Topsoil,7,5,3,0.500270097,0.585591689,0.55298999,0.013921982,0.032124935,0.0924577,0.604325679,0.07370398,0.355305861,0.956985771,0.876982187,0.624012638,0.404024768,0.051851852,0.25,0.341772152,0.569290839,0.046168205,0.339014829,0.656145816,0.876982187,0.514018703,70.04791797,89.0979072,45.2755906,100,100,58.27848152,4.5542585,29.03225809
W134,A_Topsoil,3,1,0,0.501179928,0.442411924,0.402034281,0.317495999,0.882212859,0.429482226,0.00504099,0.401662841,0.307197809,0.353775873,0.998765863,0.420853081,0.59752322,1,1,0.398734177,0.422223102,0.543063695,0.203351915,0.330486841,0.998765863,0.50918815,60.97050678,26.8185399,35.0393701,8.991195563,18.81216775,20.55093137,5.7350306,19.75806456
W137,A_Topsoil,7,4,1,0.501451755,0.166214995,0.022187758,0.455648208,0.600427306,0.392156396,0.461789028,0.063689969,0.396284671,0.887037113,0.802398417,0.542812006,0.907120743,0.014814815,0,0.860759494,0.094201377,0.48274397,0.262739498,0.641660892,0.802398417,0.724966375,68.56988598,35.2760403,62.992126,31.11857934,50.5461365,100,13.8347126,26.61290327
W2,B_Subsoil,8,5,2,0.390069727,0.14818141,0.540315814,0.234431716,0.116650405,0.646860802,0.084838398,0.037087469,0.210398923,0.322354059,0.971216602,0.487339577,0.242592593,0.252631579,0.285714286,0.133333333,0.344248612,0.332647641,0.060962933,0.266376491,0.971216602,0.364966085,85.8301502,63.5443708,36.6141732,26.36279345,61.03873546,66.44559836,100,36.5384615
W5,B_Subsoil,8,4,2,0.384129355,0.348899865,0.294411812,0.131508456,0.004577655,0.658160862,0.100564909,0.042385679,0.255882504,0.419055223,0.973817051,0.517516476,0.153703704,0.115789474,0,0.2,0.321655839,0.264748991,0.071475294,0.337468864,0.973817051,0.33561009,88.8231908,83.1164394,31.1023622,38.074219,63.00716837,40.7181005,58.4006373,47.6923077
W8,B_Subsoil,6,2,1,0.395358394,0.20610687,0.343555318,0.199259101,0.203736933,0.522683317,0.064252813,0.01589463,0.532038225,0.792215799,0.868830308,0.405827263,0.02962963,0.052631579,0,0.081481481,0.274831094,0.308559784,0.040073721,0.662127012,0.868830308,0.217728446,75.1609021,34.089596,45.6692913,16.40522555,44.79024153,62.57424467,23.9041444,30.3846154
W11,B_Subsoil,7,3,1,0.474518485,0.112258644,0.251972775,0.279687985,0.05921341,0.434391836,0.070071589,0.074174939,0.450084659,0.809963212,0.844049561,0.925771766,0.796296296,0.147368421,0.285714286,0.851851852,0.18211571,0.257764411,0.072123264,0.630023936,0.844049561,0.861034031,80.6341897,38.4449361,52.7559055,26.95287533,64.44407794,46.91486888,21.9790676,36.5384615
W14,B_Subsoil,8,3,1,0.396797005,0.204759767,0.240886244,0.140291866,0.164615499,0.455500107,0.056217714,0.01059642,0.356446896,0.678353412,0.881654089,0.705168228,0.238888889,0.126315789,0,0.281481481,0.222823005,0.253469157,0.033407067,0.517400154,0.881654089,0.472028558,81.8324525,37.6897232,50,35.15017798,72.76736976,45.76908209,42.1370566,26.9230769
W17,B_Subsoil,5,3,1,0.449117491,0.222272115,0.51902425,0.011058808,0.047900449,0.010549014,0.193358357,0.042385679,0.714154695,0.86153784,0.995461962,0.451266042,0.348148148,0.084210526,0.285714286,0.325925926,0.370648182,0.023169423,0.117872018,0.787846268,0.995461962,0.399707095,44.6706086,33.9179252,70.0787402,9.095170925,19.04642304,51.21975327,9.0124577,81.5384615
W23,B_Subsoil,4,2,1,0.455301006,0.228558599,0.312880888,0.049333913,0.049464982,0.126326433,0.287684136,0.02119284,0.843795536,0.97035697,0.994238221,0.395768297,0.264814815,0.231578947,0,0.222222222,0.270719743,0.075041776,0.154438488,0.907076253,0.994238221,0.330291556,27.4030663,21.473244,60.2362205,32.60840204,9.642449687,20.61754261,5.7376142,85.7692308
W26,B_Subsoil,6,2,0,0.383753956,0.233048945,0.29061459,0.135762818,0.141998104,0.4229911,0,0.068876729,0,0.598146427,0.979298389,0.725633021,0.262962963,0.063157895,0,0.311111111,0.261831768,0.233584007,0.034438364,0.299073213,0.979298389,0.494297992,46.7898069,37.8327976,66.9291339,6.708356846,11.16503768,59.9444335,25.807094,41.1538462
W29,B_Subsoil,5,1,0,0.437197634,0.337224966,0.610157568,0.106900943,0.137276357,0.814504072,0.227439106,0.222524816,0.452446126,0.528834493,0.847083418,0.365938259,0.101851852,0.042105263,0,0.111111111,0.473691267,0.352893791,0.224981961,0.49064031,0.847083418,0.233895055,29.480404,44.6768329,68.503937,14.04875092,7.224273379,41.8426617,25.0547651,3.8461538
W32,B_Subsoil,5,2,0,0.504535024,0.085316569,0.809282851,0,0.030857692,0.126717125,0.237954573,0.127157038,0.666495639,0.568230514,0.870793392,0.742976067,0.97037037,0.073684211,0,1,0.44729971,0.052524939,0.182555805,0.617363077,0.870793392,0.856673218,44.0583957,40.6413917,67.7165354,19.32950376,1.611446436,42.89101366,9.5656407,64.6153846
W35,B_Subsoil,5,2,1,0.490632076,0.287831163,0.526330511,0.012454102,0.011363651,0,0.363015381,0.026491049,0.960510518,0.806062015,0.961987559,0.720083247,0.257407407,0.063157895,0,0.266666667,0.407080837,0.007939251,0.194753215,0.883286267,0.961987559,0.488745327,40.2281409,40.8821537,68.8976378,19.00297227,4.711021966,33.45341431,12.1324099,96.9230769
W38,B_Subsoil,1,1,0,0.581664649,0.723843736,0.968978056,0.250320514,0.683774465,0.167707534,0.161134391,0.00529821,0.926285274,1,0.93985825,0.467221644,0.112962963,0.052631579,0,0,0.846410896,0.367267505,0.0832163,0.963142637,0.93985825,0.290092304,22.4687353,3.7480615,53.1496063,0,7.352755859,24.91603241,12.1987918,5.3846154
W41,B_Subsoil,5,2,1,0.450287023,0.522676246,0.473152457,0.037125418,0.02540149,0.232193121,0.090125359,0.074174939,0.774552335,0.766150551,0.996252295,0.361775928,0.151851852,0.010526316,0,0.288888889,0.497914351,0.098240009,0.082150149,0.770351443,0.996252295,0.25681389,41.9758254,0,67.3228346,13.24248897,10.27215107,25.86806818,39.3047596,100
W46,B_Subsoil,3,0,0,0.572017099,0.379883251,0.224197116,0.345216992,0.427899549,0.724128304,0.147711356,0.074174939,1,0.950325437,0.991459311,0.66423864,0.442592593,0.147368421,0,0.237037037,0.302040184,0.499081615,0.110943147,0.975162718,0.991459311,0.553415616,41.9705929,20.481076,49.2125984,25.04061012,14.93967526,23.91600182,20.8505742,7.3076923
W48,B_Subsoil,4,1,0,0.49631592,0.237988325,0.39874217,0.08368496,0.07082212,0.323990806,0.567442979,0,0.929299641,0.904976552,1,0.368713146,0.22962963,0.010526316,0.142857143,0.259259259,0.318365248,0.159499296,0.28372149,0.917138097,1,0.299171388,45.7956151,18.3563314,44.488189,17.4825429,19.74772812,33.0065425,3.6930498,70
W57,B_Subsoil,6,5,2,0.347402831,0.26986978,0.167467643,0.496661973,0.045575543,0.129646442,0.117548234,0.386769323,0,0,0.987278197,0.488033299,0.316666667,0.010526316,0,0.303703704,0.218668712,0.223961319,0.252158778,0,0.987278197,0.402349983,99.3354613,69.332014,70.8661417,49.84708463,77.19742728,0,0,65.3846154
W60,B_Subsoil,7,6,1,0.498319356,0.694207454,0.376755579,0.285144986,0.405473894,0.969577943,0.125206859,0.068876729,0.354272704,0.759965234,0.961095248,0.414151925,0.157407407,0.042105263,0.142857143,0.125925926,0.535481517,0.553398941,0.097041794,0.557118969,0.961095248,0.285779666,97.0278897,62.5318546,47.2440945,56.74517791,66.50037975,18.47082305,65.9239263,69.2307692
W63,B_Subsoil,4,2,0,0.438167335,0.237988325,0.03080157,0.049625773,0.264589888,0.112381048,0.007762259,0.105964198,0.929556183,0.888472268,0.856643891,0.724592438,0.335185185,0.031578947,0.285714286,0.244444444,0.134394947,0.142198903,0.056863228,0.909014225,0.856643891,0.529888812,37.0310293,20.6292101,71.2598425,20.09283353,7.326514706,33.04129547,10.760516,61.5384615
W66,B_Subsoil,4,3,1,0.348245407,0.139200718,0.116078013,0.001850258,0.01395269,0.333425893,0.067877926,0.00529821,0.587375577,0.662698093,0.985315113,0.356226153,0.040740741,0,0,0.037037037,0.127639366,0.116409613,0.036588068,0.625036835,0.985315113,0.198483447,37.5909162,18.8391863,70.0787402,22.09384644,7.849830806,67.41573887,1.7060164,88.4615385
W69,B_Subsoil,2,1,1,0.61962867,1,1,0.150054801,0.19295964,0.623847783,0.11156915,0,0.773363263,0.95078024,0.975678156,0.477974332,0.525925926,0.021052632,0.428571429,0.711111111,1,0.322287408,0.055784575,0.862071751,0.975678156,0.501950129,0,20.0623803,38.976378,16.24738049,2.821324165,23.90284635,4.4984843,92.3076923
W75,B_Subsoil,8,6,2,0.248450184,0.400987876,0.216814572,0.073546378,0.068328302,0.212383585,0.175973444,0.08615053,0.257048486,0.483707956,0.150061187,0.218869233,0.605555556,0.073684211,0,0.733333333,0.308901224,0.118086088,0.131061987,0.370378221,0.150061187,0.412212394,93.7313589,96.45679,54.3307087,26.85236266,72.44784431,46.92826668,59.9495497,50
W78,B_Subsoil,7,5,3,0.304267275,0.188594522,0.305845857,0.021443841,0.007880653,0.189443646,0.083287651,0.100969711,0.186441765,0.356383409,0.954441158,0.374956642,0,0,0,0.059259259,0.247220189,0.072922713,0.092128681,0.271412587,0.954441158,0.187478321,92.3290252,100,61.8110236,23.56954086,76.7673759,45.99657522,54.1964464,42.3076923
W81,B_Subsoil,8,4,3,0.402571318,0.542433767,0.064849425,0.048352357,0.029803086,0.113099472,0.223840734,0.362775235,0.294480503,0.743572122,0.889327962,0.298300382,0.394444444,0.031578947,0,0.4,0.303641596,0.063751638,0.293307984,0.519026312,0.889327962,0.346372413,94.0714772,94.2487719,48.0314961,42.55870849,77.67806502,42.05821495,61.4984622,38.4615385
W84,B_Subsoil,8,4,2,0.264372578,0.117198024,0.023198651,0.018799144,0.005815572,0.157675439,0.080243299,0.046632715,0.198453053,0.753476715,0.710126453,0.081859174,0.32962963,0.031578947,0,0.533333333,0.070198337,0.060763385,0.063438007,0.475964884,0.710126453,0.205744402,93.6842656,87.4685661,48.8188976,37.1862882,74.96679784,43.64149915,45.3455181,65.3846154
W87,B_Subsoil,6,4,1,0.346085451,0.176919623,0.359981692,0.014696083,0.0077416,0.046268639,0.044364707,0.07133135,0.394957671,0.501677717,0.862456659,0.359001041,0.474074074,0.136842105,0.142857143,0.503703704,0.268450657,0.022902108,0.057848028,0.448317694,0.862456659,0.416537557,84.7731673,68.1590641,38.5826772,13.24433876,67.00632072,36.10811073,21.9569402,65.3846154
W90,B_Subsoil,8,3,1,0.432804124,0.63493489,0.598587908,0.145481174,0.078168625,0.286038526,0.079625597,0.08615053,0.510891483,0.683063147,0.83278095,0.204301075,0.390740741,0.052631579,0.142857143,0.296296296,0.616761399,0.169896108,0.082888063,0.596977315,0.83278095,0.297520908,78.4155722,40.3007678,43.7007874,39.27489045,49.59764697,57.3620777,29.812139,50
W93,B_Subsoil,4,3,0,0.416656485,0.089806915,0.420923708,0.287788187,0.089595954,0.333215869,0.166581301,0.239282063,0,0.892029835,0.712293494,0.339229969,0.953703704,0.063157895,0,0.725925926,0.255365312,0.23686667,0.202931682,0.446014918,0.712293494,0.646466836,56.3968395,29.1766166,62.2047244,4.777619983,22.3082084,61.26050461,15.0089616,0
W96,B_Subsoil,5,3,1,0.558695276,0.455770094,0.158525525,1,1,0.280259755,0.371832276,0.130608072,0.128930221,0.354665265,0.869697124,1,0.844444444,0.105263158,0.142857143,0.962962963,0.30714781,0.760086585,0.251220174,0.241797743,0.869697124,0.922222222,86.5260845,65.1594824,0,49.62527558,54.77689909,7.802540525,7.5077999,43.4615385
W99,B_Subsoil,6,3,0,0.424596684,0.097440503,0.173010909,0.177421795,0.024403796,0.131725186,0.550688928,0.051572442,0.616014623,0.873089829,0.9933969,0.451959764,0.072222222,0.031578947,0,0.044444444,0.135225706,0.111183592,0.301130685,0.744552226,0.9933969,0.262090993,64.2090942,37.9262647,62.2047244,16.41306042,27.86941718,66.69697978,29.258956,11.9230769
W102,B_Subsoil,8,6,2,0.219776655,0,0.108449666,0.027316216,0.012222734,0.099656446,0.530983219,0.343016327,0.271251924,0.373908474,0,0.652098508,0.264814815,0.063157895,0,0.251851852,0.054224833,0.046398465,0.436999773,0.322580199,0,0.458456662,86.379572,54.3586284,57.480315,36.53349701,85.84455979,64.00437055,36.8264997,60
W105,B_Subsoil,6,3,2,0.425824947,0.036371801,0.097490274,0.286488843,0.412252008,0.529210043,0.351658137,0.362775235,0.594991021,0.921915427,0.686110545,0.533472078,0.02037037,0.063157895,0,0.133333333,0.066931037,0.409316965,0.357216686,0.758453224,0.686110545,0.276921224,70.2579666,34.370495,44.488189,84.88867953,76.66928601,25.12985343,3.6067533,19.2307692
W108,B_Subsoil,6,5,0,0.326644976,0.115401886,0.223095244,0.078763727,0.005456449,0.226300813,0.416662453,0.115788891,0.260541303,0.452417529,0.679609423,0.628858828,0.140740741,0.042105263,0,0.148148148,0.169248565,0.103506996,0.266225672,0.356479416,0.679609423,0.384799784,72.5655382,66.681252,57.8740157,25.93039359,71.3530623,67.85274258,22.7092691,11.1538462
W111,B_Subsoil,6,3,3,0.375597287,0.266726538,0.227502733,0.214180411,0.316223963,0.209582641,0.210813698,0.051572442,0.324234223,0.511269,0.967851316,0.419354839,0.066666667,0,0,0.066666667,0.247114636,0.246662338,0.13119307,0.417751612,0.967851316,0.243010753,85.9661975,77.9520929,40.9448819,37.55018278,88.60492275,34.61119448,15.4736353,5.3846154
W114,B_Subsoil,6,5,3,0.228259696,0.278401437,0.234444529,0.087072464,0.077400463,0.167308214,0.533770564,0.046632715,0.042492304,0.706510754,0.015985111,0.486298994,0.157407407,0.063157895,0,0.051851852,0.256422983,0.110593713,0.29020164,0.374501529,0.015985111,0.321853201,100,73.0494747,100,21.5069582,63.38077642,2.818067866,42.4247118,99.2307692
W117,B_Subsoil,7,4,2,0.40361955,0.073192636,0.092396233,0.12262458,0.058026059,0.058733329,0.240487143,0.051572442,0.424979477,0.866217255,0.77863043,0.814776275,0.562962963,0.084210526,0.142857143,0.762962963,0.082794435,0.079794656,0.146029793,0.645598366,0.77863043,0.688869619,79.8336037,46.12729,51.1811024,31.35885458,80.61106386,26.98252863,4.2329564,62.3076923
W120,B_Subsoil,7,5,1,0.392800868,0.028289178,0.162500742,0.261637332,0.234167562,0.351830791,0.605824291,0.372654688,0.453957158,0.94849612,0.209871507,0.67186958,0.485185185,0.073684211,0.285714286,0.555555556,0.09539496,0.282545229,0.489239489,0.701226639,0.209871507,0.578527383,74.7370624,63.901716,50.7874016,52.24758778,79.64371913,41.94687295,17.177439,25.7692308
W123,B_Subsoil,6,2,0,0.349187896,0.126178716,0,0.041585799,0.051143217,0.194081894,0.521191406,0.07133135,0.90491021,0.647022559,0.603941464,0.06867846,0.451851852,0.010526316,0,0.466666667,0.063089358,0.095603637,0.296261378,0.775966385,0.603941464,0.260265156,56.6480038,32.1933875,62.5984252,30.48945807,0,41.33412691,4.963158,47.3076923
W126,B_Subsoil,5,2,0,0.379976733,0.337674001,0.190115358,0.173558798,0.253654586,0.040647488,0.092241418,0.056512169,0.694657517,0.843345732,0.808637569,0.091918141,0.324074074,0.052631579,0,0.392592593,0.263894679,0.155953624,0.074376793,0.769001624,0.808637569,0.207996107,31.2019256,16.0408637,57.8740157,1.356245709,29.79909436,74.58382871,23.7271259,31.9230769
W129,B_Subsoil,5,2,1,0.442723474,0.24831612,0.291046863,0.036910032,0.042321318,0.250393471,0.725424897,0.16518616,0.843905849,0.872665347,0.881526616,0,0.183333333,0.010526316,0,0.22962963,0.269681492,0.109874941,0.445305529,0.858285598,0.881526616,0.091666667,45.1258438,41.7484652,67.7165354,24.72448292,1.321385589,37.02482695,18.2174231,80.7692308
W132,B_Subsoil,6,5,4,0.461067232,0.303547373,0.377162424,0.152346173,0.107768854,0.063812128,0.961811984,0.254101244,0.453309389,0.956985771,0.96221701,0.028095734,0.057407407,0.031578947,0,0.096296296,0.340354899,0.107975718,0.607956614,0.70514758,0.96221701,0.042751571,76.777772,89.0979072,45.2755906,100,100,58.27848152,7.7733277,20.3846154
W135,B_Subsoil,4,1,0,0.587420416,0.758868433,0.32001763,0.143639182,0.131052844,0.403351635,0.503857893,1,0.39193176,0.353775873,0.984091373,0.300381547,1,1,1,0.97037037,0.539443031,0.226014554,0.751928947,0.372853817,0.984091373,0.650190773,69.7399403,26.8185399,35.0393701,8.991195563,18.81216775,20.55093137,6.9324895,27.6923077
W138,B_Subsoil,8,5,2,0.469035104,0.15895824,0.271458964,0.258195416,0.412002515,1,1,0.066391623,0.505591329,0.887037113,0.315444626,0.489073881,0.505555556,0.031578947,0,0.533333333,0.215208602,0.556732643,0.533195811,0.696314221,0.315444626,0.497314718,75.6318351,35.2760403,62.992126,31.11857934,50.5461365,100,27.5108977,51.9230769
W3,C_Deepsoil,8,5,2,0.286209141,0.331293706,0.203076077,0.060688466,0.015405029,0.072454437,0.063933587,0.028931032,0.164911586,0.322354059,0.727213834,0.428863451,0.337686567,0.109756098,0,0.354166667,0.267184892,0.049515977,0.046432309,0.243632823,0.727213834,0.383275009,85.8301502,56.57931846,36.6141732,29.93633322,68.88865039,66.44559836,100,31.3653137
W6,C_Deepsoil,8,4,2,0.392174712,0.780594406,0.319299559,0.181505612,0.194881303,0.1433432,0.08497247,0.019287354,0.200561814,0.419055223,0.926795236,0.497547016,0.184701493,0.036585366,0,0.298611111,0.549946982,0.173243372,0.052129912,0.309808518,0.926795236,0.341124254,88.8231908,79.89074049,31.1023622,43.95654671,71.11023453,40.7181005,57.5824785,46.1254613
W9,C_Deepsoil,5,3,1,0.308767227,0.424825175,0.294296886,0.074105586,0.002123992,0.089347466,0.062167053,0.057862063,0.417013862,0.792215799,0.430308467,0.508585446,0.177238806,0.06097561,0,0.256944444,0.35956103,0.055192348,0.060014558,0.604614831,0.430308467,0.342912126,75.1609021,21.49704379,45.6692913,18.01573251,50.55051135,62.57424467,14.4164125,41.3284133
W12,C_Deepsoil,7,3,1,0.438710617,0.13986014,0.099552487,0.105734626,0.084536756,0.067554218,0.057559846,0,0.352778303,0.809963212,0.816464843,1,1,0.365853659,0.6,1,0.119706314,0.085941867,0.028779923,0.581370758,0.816464843,1,80.6341897,26.68449604,52.7559055,30.64274372,72.73193851,46.91486888,12.614361,46.8634686
W15,C_Deepsoil,7,4,2,0.352119617,0.487762238,0.210987735,0.060216612,0.000942431,0.045968478,0.089142852,0.038574709,0.279384619,0.678353412,0.70419096,0.647996729,0.313432836,0.085365854,0,0.458333333,0.349374987,0.035709174,0.06385878,0.478869016,0.70419096,0.480714783,81.8324525,25.78499548,50,40.45606087,82.12565115,45.76908209,22.2622678,69.00369
W24,C_Deepsoil,4,2,1,0.457995848,0.242132867,0.107731431,0.01190174,0.030660598,0.031321987,0.19831435,0.004821839,0.661370592,0.97035697,0.998804007,0.775551922,0.48880597,0.475609756,0.4,0.631944444,0.174932149,0.024628108,0.101568094,0.815863781,0.998804007,0.632178946,27.4030663,6.470267013,60.2362205,37.41319976,10.88252141,20.61754261,2.9525922,82.2878229
W27,C_Deepsoil,5,2,0,0.429509111,0.659965035,0.817497289,0.055301022,0.057518693,0.099110292,0.052000494,0.062683902,0,0.598146427,0.954950914,0.713000818,0.199626866,0.207317073,0,0.215277778,0.738731162,0.070643336,0.057342198,0.299073213,0.954950914,0.456313842,46.7898069,25.95540505,66.9291339,6.407225183,12.60092253,59.9444335,16.3432215,47.601476
W30,C_Deepsoil,4,1,0,0.343099927,0.603146853,0.695500435,0.001835598,0.021963272,0.078201043,0.12162356,0.207339059,0.354629231,0.528834493,0.530572582,0.338920687,0.138059701,0.012195122,0,0.229166667,0.649323644,0.033999971,0.16448131,0.441731862,0.530572582,0.238490194,29.480404,34.10703166,68.503937,15.19470297,8.153354413,41.8426617,7.6795121,11.4391144
W36,C_Deepsoil,5,2,1,0.546256439,0.527097902,1,0.069530622,0.058975266,0.049949114,0.434579601,0.004821839,0.7528523,0.806062015,0.596800718,0.952166803,0.764925373,0.036585366,0,0.729166667,0.763548951,0.059485001,0.21970072,0.779457157,0.596800718,0.858546088,40.2281409,29.58735773,68.8976378,21.12559847,5.316885135,33.45341431,13.7649016,100
W44,C_Deepsoil,3,2,1,0.494929996,0.323426573,0.202480412,0.380570569,0.285617011,0.179925121,0.25365026,0.028931032,1,0.884085948,0.956097075,0.382256746,0.388059701,0.012195122,0,0.4375,0.262953493,0.282037567,0.141290646,0.942042974,0.956097075,0.385158224,44.6339804,5.058778695,59.4488189,14.51076456,19.61802398,21.55660192,3.3684502,83.3948339
W49,C_Deepsoil,4,1,0,0.464249798,0.414335664,0.329196768,0.031983148,0.021191884,0.033865251,0.459893002,0.009643677,0.728389079,0.904976552,1,0.347506132,0.319029851,0.048780488,0.6,0.479166667,0.371766216,0.029013428,0.23476834,0.816682816,1,0.333267992,45.7956151,2.757850786,44.488189,19.30543198,22.28739386,33.0065425,0.9592459,74.1697417
W55,C_Deepsoil,6,5,2,0.293884782,0.513986014,0.075443313,0.001836649,0.047245928,0.026530838,0.021247146,0.144655158,0,0.19188632,0.895250909,0.551921504,0.186567164,0.012195122,0,0.381944444,0.294714663,0.025204472,0.082951152,0.09594316,0.895250909,0.369244334,99.3720894,64.68261251,72.0472441,51.43294265,89.12522462,9.926481513,0.079013,35.4243542
W58,C_Deepsoil,6,6,2,0.305023428,0.506993007,0.139240603,0.047746739,0.043622246,0.087502739,0.150701564,0.236270091,0,0,0.986943738,0.371627146,0.162313433,0.012195122,0,0.256944444,0.323116805,0.059623908,0.193485827,0,0.986943738,0.26697029,99.3354613,63.47272334,70.8661417,58.05031255,87.12543828,0,0,72.3247232
W67,C_Deepsoil,4,3,1,0.350187742,0.468531469,0.010263773,0.006033816,0.063197693,0.087375419,0.266255047,0.019287354,0.460387519,0.662698093,0.958588728,0.226083401,0.067164179,0.012195122,0,0.166666667,0.239397621,0.052202309,0.142771201,0.561542806,0.958588728,0.14662379,37.5909162,3.332957821,70.0787402,24.82580691,8.859361943,67.41573887,0.5835875,79.704797
W70,C_Deepsoil,2,1,1,0.484834814,0.803321678,0.207703939,0.027477488,0.01865525,0.028470604,0.230309129,0.043396547,0.606165472,0.95078024,0.971445657,0.655355683,0.328358209,0.012195122,0.6,0.590277778,0.505512809,0.024867781,0.136852838,0.778472856,0.971445657,0.491856946,0,4.789849893,38.976378,17.82676991,3.18416187,23.90284635,0.8067646,76.0147601
W76,C_Deepsoil,8,6,3,0.245718063,0.36451049,0.243077299,0.008535704,0.014990344,0.031736845,0.194123576,0.073908998,0.201475716,0.483707956,0.209847013,0.875306623,0.055970149,0.012195122,0,0.159722222,0.303793894,0.018420964,0.134016287,0.342591836,0.209847013,0.465638386,93.7313589,95.77983986,54.3307087,30.522416,81.76503298,46.92826668,53.2852786,50.1845018
W79,C_Deepsoil,8,4,3,0.274349684,0.541083916,0.380446902,0.019450657,0.004125681,0.029599653,0.214033939,0.141342809,0.146133862,0.356383409,0.535605721,0.21954211,0.186567164,0.024390244,0.2,0.263888889,0.460765409,0.01772533,0.177688374,0.251258635,0.535605721,0.203054637,92.3290252,100,61.8110236,26.59241941,86.64007993,45.99657522,40.393679,42.804428
W82,C_Deepsoil,8,5,4,0.241785781,0.283216783,0.053304416,0.05414435,0.049687436,0.034610512,0.099571732,0.051431061,0.230815092,0.743572122,0.410773907,0.046197874,0.479477612,0,0.2,0.6875,0.168260599,0.046147432,0.075501397,0.487193607,0.410773907,0.262837743,94.0714772,93.14996753,48.0314961,49.3251075,87.66788865,42.05821495,94.0393679,57.5645756
W85,C_Deepsoil,7,4,3,0.296292993,0.08041958,0,0.03525212,0.011873509,0.013246206,0.031649093,0.051431061,0.155548361,0.753476715,0.769970598,0.39533933,0.507462687,0,0,0.875,0.04020979,0.020123945,0.041540077,0.454512538,0.769970598,0.451401008,93.6842656,85.0743654,48.8188976,42.89356942,84.6079377,43.64149915,21.8186859,57.5645756
W88,C_Deepsoil,6,4,2,0.35487138,0.443181818,0.267835596,0.10825634,0.138953241,0.057239804,0.073676658,0.055926648,0.309569531,0.501677717,0.895201076,0.365085854,0.248134328,0.06097561,0,0.243055556,0.355508707,0.101483128,0.064801653,0.405623624,0.895201076,0.306610091,84.7731673,62.07567478,38.5826772,14.23170918,75.62369973,36.10811073,13.3906293,64.9446494
W91,C_Deepsoil,7,3,1,0.266386538,0.183566434,0.055931453,0.023693334,0.016277141,0,0.107096561,0.033448712,0.400438955,0.683063147,0.467284597,0.374488962,0.39738806,0.085365854,0,0.409722222,0.119748943,0.013323492,0.070272636,0.541751051,0.467284597,0.385938511,78.4155722,28.89489479,43.7007874,45.39391827,55.97617539,57.3620777,12.2955365,42.804428
W94,C_Deepsoil,4,3,0,0.220653379,0.141608392,0.129816871,0.006380821,0.00705702,0.023313538,0,0.028953124,0,0.892029835,0.439128918,0.248569092,0.304104478,0.024390244,0,0.527777778,0.135712631,0.01225046,0.014476562,0.446014918,0.439128918,0.276336785,56.3968395,15.64541214,62.2047244,4.095863268,25.1771659,61.26050461,23.509842,5.904059
W97,C_Deepsoil,5,4,1,0.297362638,0.351398601,0.110343195,0.206026212,0.227346136,0.110638356,0.35606751,0.096386935,0.101056065,0.354665265,0.60547167,0.39533933,0.229477612,0.048780488,0,0.402777778,0.230870898,0.181336901,0.226227222,0.227860665,0.60547167,0.312408471,86.5260845,58.50300618,0,57.78477611,61.82150764,7.802540525,2.5783199,46.4944649
W100,C_Deepsoil,6,3,0,0.357333009,0.196678322,0.123004903,0.013498774,0.011433053,0.031287726,0.061708313,0.042439886,0.482834927,0.873089829,0.875766183,0.506541292,0.212686567,0.097560976,0,0.3125,0.159841612,0.018739851,0.0520741,0.677962378,0.875766183,0.35961393,64.2090942,26.06672956,62.2047244,18.02511195,31.45357652,66.69697978,30.135847,24.3542435
W103,C_Deepsoil,7,5,2,0.30842407,0.19493007,0.153811495,0.042086661,0.016915024,0.020663208,0.67339532,0.249236906,0.212608432,0.373908474,0.273085165,0.622649223,0.621268657,0.170731707,0,0.527777778,0.174370782,0.026554965,0.461316113,0.293258453,0.273085165,0.62195894,86.379572,45.63858847,57.480315,42.11208711,96.88463928,64.00437055,16.675908,52.7675277
W106,C_Deepsoil,6,3,2,0.426662929,0.195804196,0.156293434,0.056683254,0.038820573,0.012081012,0.461593039,0.447042751,0.466356536,0.921915427,0.514725669,0.679476697,0.690298507,0.158536585,0,0.652777778,0.176048815,0.035861613,0.454317895,0.694135982,0.514725669,0.684887602,70.2579666,21.83161012,44.488189,100,86.52937515,25.12985343,34.9875243,0
W109,C_Deepsoil,6,5,1,0.314054145,0.153846154,0.190437279,0.018297913,0,0.021273917,0.349186032,0.145838396,0.204213401,0.452417529,0.891961928,0.372853639,0.089552239,0,0,0.145833333,0.172141717,0.01319061,0.247512214,0.328315465,0.891961928,0.231202939,72.5655382,60.3155184,57.8740157,29.41869015,80.52945602,67.85274258,4.6853341,11.8081181
W112,C_Deepsoil,6,3,2,0.458546533,0.424825175,0.328119988,0.153479737,0.068964415,0.021247997,0.373332958,0.10537811,0.254136187,0.511269,0.839487716,0.831970564,0.832089552,0,0,0.8125,0.376472582,0.081230716,0.239355534,0.382702593,0.839487716,0.832030058,85.9661975,73.73971664,40.9448819,43.3292021,100,34.61119448,12.6559468,13.6531365
W115,C_Deepsoil,6,5,3,0.291855049,0.511363636,0.132741741,0.038539455,0.026420114,0.02100498,0.568977791,0.078404585,0.033305652,0.706510754,0.334429661,0.619787408,0.125,0.036585366,0,0.159722222,0.322052689,0.02865485,0.323691188,0.369908203,0.334429661,0.372393704,100,67.90042575,100,24.12321965,71.53189061,2.818067866,41.6412531,94.4649446
W118,C_Deepsoil,7,4,2,0.38878139,0.214160839,0.038466238,0.092894968,0.022129732,0.019238915,0.380671969,0.060422236,0.333100752,0.866217255,0.617979768,0.989779231,0.457089552,0.085365854,0,0.611111111,0.126313539,0.044754538,0.220547103,0.599659003,0.617979768,0.723434392,79.8336037,35.83460672,51.1811024,35.91731678,90.97808717,26.98252863,1.7369005,57.195572
W121,C_Deepsoil,6,5,1,0.321917372,0,0.110679211,0.01657171,0.013415461,0.021511157,0.173312595,0.163820746,0.355813584,0.94849612,0.829321772,0,0.417910448,0.024390244,0,0.472222222,0.055339606,0.01716611,0.16856667,0.652154852,0.829321772,0.208955224,74.7370624,57.00493646,50.7874016,60.92405039,89.88633663,41.94687295,3.6872747,9.5940959
W124,C_Deepsoil,5,2,0,0.282644818,0.250874126,0.008392773,0.022179326,0.021772207,0.01084998,0.48237523,0.078404585,0.709272538,0.647022559,0.402152788,0.046197874,0.328358209,0.024390244,0,0.319444444,0.129633449,0.018267171,0.280389908,0.678147548,0.402152788,0.187278042,56.6480038,19.23855403,62.5984252,34.87652763,0,41.33412691,14.9293041,36.1623616
W127,C_Deepsoil,5,2,0,0.285009164,0.295454545,0.133971255,0.006926061,0.0062002,0.019065152,0.643660874,0.060422236,0.544475567,0.843345732,0.226391588,0.221177433,0.203358209,0.012195122,0,0.277777778,0.2147129,0.010730471,0.352041555,0.693910649,0.226391588,0.212267821,31.2019256,0,57.8740157,0,33.63142073,74.58382871,15.8719157,28.0442804
W130,C_Deepsoil,6,2,1,0.481047637,0.463286713,0.349388297,0.605352338,0.316294438,0.085748366,0.633323335,0.127856047,0.661457056,0.872665347,0.865251408,0.010629599,0.251865672,0,0,0.347222222,0.406337505,0.335798381,0.380589691,0.767061201,0.865251408,0.131247635,45.1258438,30.61918289,67.7165354,27.97504651,1.491322996,37.02482695,10.8261713,90.0369004
W136,C_Deepsoil,3,1,0,0.554820926,1,0.152826356,0.101134073,0.056245461,0.027022397,0.574898468,1,0.307197809,0.353775873,0.887476952,0.397383483,0.973880597,1,1,0.840277778,0.576413178,0.06146731,0.787449234,0.330486841,0.887476952,0.68563204,69.7399403,12.83681166,35.0393701,9.140102238,21.23151532,20.55093137,3.5486554,28.0442804
W139,C_Deepsoil,7,5,2,0.358721357,0.367132867,0.166381562,0.143351351,0.207247279,0.136388756,1,0.060422236,0.396284671,0.887037113,0.194697762,0.409239575,0.304104478,0,0,0.375,0.266757214,0.162329129,0.530211118,0.641660892,0.194697762,0.356672026,75.6318351,22.91016493,62.992126,35.62967373,57.04664586,100,44.2750208,55.3505535
